-- 初始化菜单
INSERT INTO `sys_menu` (`id`, `create_time`, `created_by`, `update_time`, `updated_by`, `title`, `parent_id`, `sort_value`, `icon`, `authority`, `type`, `deleted`, `open_type`, `href`) VALUES (1561941455633645568, '2022-08-23 13:00:37', 0, '2022-08-23 13:00:37', 0, 'dashboard', 0, 1, 'layui-icon layui-icon-console', '', 0, b'0', '', NULL);
INSERT INTO `sys_menu` (`id`, `create_time`, `created_by`, `update_time`, `updated_by`, `title`, `parent_id`, `sort_value`, `icon`, `authority`, `type`, `deleted`, `open_type`, `href`) VALUES (1561941455633645569, '2022-08-23 13:00:38', 0, '2022-08-23 13:00:38', 0, '分析页', 1561941455633645568, 1, NULL, '', 1, b'0', '_iframe', '/dashboard');
INSERT INTO `sys_menu` (`id`, `create_time`, `created_by`, `update_time`, `updated_by`, `title`, `parent_id`, `sort_value`, `icon`, `authority`, `type`, `deleted`, `open_type`, `href`) VALUES (1561941455633645570, '2022-08-23 13:00:38', 0, '2022-08-23 13:00:38', 0, '工作台', 1561941455633645568, 2, NULL, '', 1, b'0', '_iframe', '/dashboard/workbench');
INSERT INTO `sys_menu` (`id`, `create_time`, `created_by`, `update_time`, `updated_by`, `title`, `parent_id`, `sort_value`, `icon`, `authority`, `type`, `deleted`, `open_type`, `href`) VALUES (1561941455633645571, '2022-08-23 13:00:38', 0, '2022-08-23 13:00:38', 0, '系统管理', 0, 2, 'layui-icon layui-icon-set-fill', '', 0, b'0', '', NULL);
INSERT INTO `sys_menu` (`id`, `create_time`, `created_by`, `update_time`, `updated_by`, `title`, `parent_id`, `sort_value`, `icon`, `authority`, `type`, `deleted`, `open_type`, `href`) VALUES (1561941455633645572, '2022-08-23 13:00:38', 0, '2022-08-23 13:00:38', 0, '用户管理', 1561941455633645571, 1, NULL, '', 1, b'0', '_iframe', '/system/user/index');
INSERT INTO `sys_menu` (`id`, `create_time`, `created_by`, `update_time`, `updated_by`, `title`, `parent_id`, `sort_value`, `icon`, `authority`, `type`, `deleted`, `open_type`, `href`) VALUES (1561941455633645573, '2022-08-23 13:00:38', 0, '2022-08-23 13:00:38', 0, '查看用户', 1561941455633645572, 1, NULL, 'sys:user:view', 2, b'0', '\0', NULL);
INSERT INTO `sys_menu` (`id`, `create_time`, `created_by`, `update_time`, `updated_by`, `title`, `parent_id`, `sort_value`, `icon`, `authority`, `type`, `deleted`, `open_type`, `href`) VALUES (1561941455633645574, '2022-08-23 13:00:38', 0, '2022-08-23 13:00:38', 0, '新增用户', 1561941455633645572, 2, NULL, 'sys:user:save', 2, b'0', '\0', NULL);
INSERT INTO `sys_menu` (`id`, `create_time`, `created_by`, `update_time`, `updated_by`, `title`, `parent_id`, `sort_value`, `icon`, `authority`, `type`, `deleted`, `open_type`, `href`) VALUES (1561941455633645575, '2022-08-23 13:00:38', 0, '2022-08-23 13:00:38', 0, '修改用户', 1561941455633645572, 3, NULL, 'sys:user:update', 2, b'0', '\0', NULL);
INSERT INTO `sys_menu` (`id`, `create_time`, `created_by`, `update_time`, `updated_by`, `title`, `parent_id`, `sort_value`, `icon`, `authority`, `type`, `deleted`, `open_type`, `href`) VALUES (1561941455633645576, '2022-08-23 13:00:38', 0, '2022-08-23 13:00:38', 0, '删除用户', 1561941455633645572, 4, NULL, 'sys:user:delete', 2, b'0', '\0', NULL);
INSERT INTO `sys_menu` (`id`, `create_time`, `created_by`, `update_time`, `updated_by`, `title`, `parent_id`, `sort_value`, `icon`, `authority`, `type`, `deleted`, `open_type`, `href`) VALUES (1561941455633645577, '2022-08-23 13:00:38', 0, '2022-08-23 13:00:38', 0, '角色管理', 1561941455633645571, 2, NULL, '', 1, b'0', '_iframe', '/system/role/index');
INSERT INTO `sys_menu` (`id`, `create_time`, `created_by`, `update_time`, `updated_by`, `title`, `parent_id`, `sort_value`, `icon`, `authority`, `type`, `deleted`, `open_type`, `href`) VALUES (1561941455633645578, '2022-08-23 13:00:38', 0, '2022-08-23 13:00:38', 0, '查看角色', 1561941455633645577, 1, NULL, 'sys:role:view', 2, b'0', '\0', NULL);
INSERT INTO `sys_menu` (`id`, `create_time`, `created_by`, `update_time`, `updated_by`, `title`, `parent_id`, `sort_value`, `icon`, `authority`, `type`, `deleted`, `open_type`, `href`) VALUES (1561941455633645579, '2022-08-23 13:00:38', 0, '2022-08-23 13:00:38', 0, '新增角色', 1561941455633645577, 2, NULL, 'sys:role:save', 2, b'0', '\0', NULL);
INSERT INTO `sys_menu` (`id`, `create_time`, `created_by`, `update_time`, `updated_by`, `title`, `parent_id`, `sort_value`, `icon`, `authority`, `type`, `deleted`, `open_type`, `href`) VALUES (1561941455633645580, '2022-08-23 13:00:38', 0, '2022-08-23 13:00:38', 0, '修改角色', 1561941455633645577, 3, NULL, 'sys:role:update', 2, b'0', '\0', NULL);
INSERT INTO `sys_menu` (`id`, `create_time`, `created_by`, `update_time`, `updated_by`, `title`, `parent_id`, `sort_value`, `icon`, `authority`, `type`, `deleted`, `open_type`, `href`) VALUES (1561941455633645581, '2022-08-23 13:00:38', 0, '2022-08-23 13:00:38', 0, '删除角色', 1561941455633645577, 4, NULL, 'sys:role:delete', 2, b'0', '\0', NULL);
INSERT INTO `sys_menu` (`id`, `create_time`, `created_by`, `update_time`, `updated_by`, `title`, `parent_id`, `sort_value`, `icon`, `authority`, `type`, `deleted`, `open_type`, `href`) VALUES (1561941455633645582, '2022-08-23 13:00:38', 0, '2022-08-23 13:00:38', 0, '菜单管理', 1561941455633645571, 3, NULL, '', 1, b'0', '_iframe', '/system/menu/index');
INSERT INTO `sys_menu` (`id`, `create_time`, `created_by`, `update_time`, `updated_by`, `title`, `parent_id`, `sort_value`, `icon`, `authority`, `type`, `deleted`, `open_type`, `href`) VALUES (1561941455633645583, '2022-08-23 13:00:38', 0, '2022-08-23 13:00:38', 0, '查看菜单', 1561941455633645582, 1, NULL, 'sys:menu:view', 2, b'0', '\0', NULL);
INSERT INTO `sys_menu` (`id`, `create_time`, `created_by`, `update_time`, `updated_by`, `title`, `parent_id`, `sort_value`, `icon`, `authority`, `type`, `deleted`, `open_type`, `href`) VALUES (1561941455633645584, '2022-08-23 13:00:38', 0, '2022-08-23 13:00:38', 0, '新增菜单', 1561941455633645582, 2, NULL, 'sys:menu:save', 2, b'0', '\0', NULL);
INSERT INTO `sys_menu` (`id`, `create_time`, `created_by`, `update_time`, `updated_by`, `title`, `parent_id`, `sort_value`, `icon`, `authority`, `type`, `deleted`, `open_type`, `href`) VALUES (1561941455633645585, '2022-08-23 13:00:38', 0, '2022-08-23 13:00:38', 0, '修改菜单', 1561941455633645582, 3, NULL, 'sys:menu:update', 2, b'0', '\0', NULL);
INSERT INTO `sys_menu` (`id`, `create_time`, `created_by`, `update_time`, `updated_by`, `title`, `parent_id`, `sort_value`, `icon`, `authority`, `type`, `deleted`, `open_type`, `href`) VALUES (1561941455633645586, '2022-08-23 13:00:38', 0, '2022-08-23 13:00:38', 0, '删除菜单', 1561941455633645582, 4, NULL, 'sys:menu:delete', 2, b'0', '\0', NULL);
INSERT INTO `sys_menu` (`id`, `create_time`, `created_by`, `update_time`, `updated_by`, `title`, `parent_id`, `sort_value`, `icon`, `authority`, `type`, `deleted`, `open_type`, `href`) VALUES (1561941455633645587, '2022-08-23 13:00:38', 0, '2022-08-23 13:00:38', 0, '操作日志', 1561941455633645571, 4, NULL, '', 1, b'0', '_iframe', '/system/optLog/index');
INSERT INTO `sys_menu` (`id`, `create_time`, `created_by`, `update_time`, `updated_by`, `title`, `parent_id`, `sort_value`, `icon`, `authority`, `type`, `deleted`, `open_type`, `href`) VALUES (1561941455633645588, '2022-08-23 13:00:38', 0, '2022-08-23 13:00:38', 0, '查看操作日志', 1561941455633645587, 1, NULL, 'sys:optLog:view', 2, b'0', '\0', NULL);
INSERT INTO `sys_menu` (`id`, `create_time`, `created_by`, `update_time`, `updated_by`, `title`, `parent_id`, `sort_value`, `icon`, `authority`, `type`, `deleted`, `open_type`, `href`) VALUES (1561941455633645589, '2022-08-23 13:00:38', 0, '2022-08-23 13:00:38', 0, '登录日志', 1561941455633645571, 5, NULL, '', 1, b'0', '_iframe', '/system/loginLog/index');
INSERT INTO `sys_menu` (`id`, `create_time`, `created_by`, `update_time`, `updated_by`, `title`, `parent_id`, `sort_value`, `icon`, `authority`, `type`, `deleted`, `open_type`, `href`) VALUES (1561941455633645590, '2022-08-23 13:00:38', 0, '2022-08-23 13:00:38', 0, '查看登录日志', 1561941455633645589, 1, NULL, 'sys:loginLog:view', 2, b'0', '\0', NULL);
INSERT INTO `sys_menu` (`id`, `create_time`, `created_by`, `update_time`, `updated_by`, `title`, `parent_id`, `sort_value`, `icon`, `authority`, `type`, `deleted`, `open_type`, `href`) VALUES (1561941455633645591, '2022-08-23 13:00:38', 0, '2022-08-23 13:00:38', 0, '文件管理', 1561941455633645571, 6, NULL, '', 1, b'0', '_iframe', '/system/file/index');
INSERT INTO `sys_menu` (`id`, `create_time`, `created_by`, `update_time`, `updated_by`, `title`, `parent_id`, `sort_value`, `icon`, `authority`, `type`, `deleted`, `open_type`, `href`) VALUES (1561941455633645592, '2022-08-23 13:00:38', 0, '2022-08-23 13:00:38', 0, '查看文件', 1561941455633645591, 1, NULL, 'sys:file:view', 2, b'0', '\0', NULL);
INSERT INTO `sys_menu` (`id`, `create_time`, `created_by`, `update_time`, `updated_by`, `title`, `parent_id`, `sort_value`, `icon`, `authority`, `type`, `deleted`, `open_type`, `href`) VALUES (1561941455633645593, '2022-08-23 13:00:38', 0, '2022-08-23 13:00:38', 0, '上传文件', 1561941455633645591, 2, NULL, 'sys:file:save', 2, b'0', '\0', NULL);
INSERT INTO `sys_menu` (`id`, `create_time`, `created_by`, `update_time`, `updated_by`, `title`, `parent_id`, `sort_value`, `icon`, `authority`, `type`, `deleted`, `open_type`, `href`) VALUES (1561941455633645594, '2022-08-23 13:00:38', 0, '2022-08-23 13:00:38', 0, '下载文件', 1561941455633645591, 3, NULL, 'sys:file:export', 2, b'0', '\0', NULL);
INSERT INTO `sys_menu` (`id`, `create_time`, `created_by`, `update_time`, `updated_by`, `title`, `parent_id`, `sort_value`, `icon`, `authority`, `type`, `deleted`, `open_type`, `href`) VALUES (1561941455633645595, '2022-08-23 13:00:38', 0, '2022-08-23 13:00:38', 0, '删除文件', 1561941455633645591, 4, NULL, 'sys:file:delete', 2, b'0', '\0', NULL);
INSERT INTO `sys_menu` (`id`, `create_time`, `created_by`, `update_time`, `updated_by`, `title`, `parent_id`, `sort_value`, `icon`, `authority`, `type`, `deleted`, `open_type`, `href`) VALUES (1561941455633645596, '2022-08-23 13:00:38', 0, '2022-08-23 13:00:38', 0, '数据字典', 1561941455633645571, 7, NULL, '', 1, b'0', '_iframe', '/system/dict/index');
INSERT INTO `sys_menu` (`id`, `create_time`, `created_by`, `update_time`, `updated_by`, `title`, `parent_id`, `sort_value`, `icon`, `authority`, `type`, `deleted`, `open_type`, `href`) VALUES (1561941455633645597, '2022-08-23 13:00:38', 0, '2022-08-23 13:00:38', 0, '查看字典', 1561941455633645596, 1, NULL, 'sys:dict:view', 2, b'0', '\0', NULL);
INSERT INTO `sys_menu` (`id`, `create_time`, `created_by`, `update_time`, `updated_by`, `title`, `parent_id`, `sort_value`, `icon`, `authority`, `type`, `deleted`, `open_type`, `href`) VALUES (1561941455633645598, '2022-08-23 13:00:38', 0, '2022-08-23 13:00:38', 0, '新增字典', 1561941455633645596, 2, NULL, 'sys:dict:save', 2, b'0', '\0', NULL);
INSERT INTO `sys_menu` (`id`, `create_time`, `created_by`, `update_time`, `updated_by`, `title`, `parent_id`, `sort_value`, `icon`, `authority`, `type`, `deleted`, `open_type`, `href`) VALUES (1561941455633645599, '2022-08-23 13:00:38', 0, '2022-08-23 13:00:38', 0, '修改字典', 1561941455633645596, 3, NULL, 'sys:dict:update', 2, b'0', '\0', NULL);
INSERT INTO `sys_menu` (`id`, `create_time`, `created_by`, `update_time`, `updated_by`, `title`, `parent_id`, `sort_value`, `icon`, `authority`, `type`, `deleted`, `open_type`, `href`) VALUES (1561941455633645600, '2022-08-23 13:00:38', 0, '2022-08-23 13:00:38', 0, '删除字典', 1561941455633645596, 4, NULL, 'sys:dict:delete', 2, b'0', '\0', NULL);
INSERT INTO `sys_menu` (`id`, `create_time`, `created_by`, `update_time`, `updated_by`, `title`, `parent_id`, `sort_value`, `icon`, `authority`, `type`, `deleted`, `open_type`, `href`) VALUES (1561941455633645601, '2022-08-23 13:00:38', 0, '2022-08-23 13:00:38', 0, '查看字典项', 1561941455633645596, 5, NULL, 'sys:dictItem:view', 2, b'0', '\0', NULL);
INSERT INTO `sys_menu` (`id`, `create_time`, `created_by`, `update_time`, `updated_by`, `title`, `parent_id`, `sort_value`, `icon`, `authority`, `type`, `deleted`, `open_type`, `href`) VALUES (1561941455633645602, '2022-08-23 13:00:38', 0, '2022-08-23 13:00:38', 0, '新增字典项', 1561941455633645596, 6, NULL, 'sys:dictItem:save', 2, b'0', '\0', NULL);
INSERT INTO `sys_menu` (`id`, `create_time`, `created_by`, `update_time`, `updated_by`, `title`, `parent_id`, `sort_value`, `icon`, `authority`, `type`, `deleted`, `open_type`, `href`) VALUES (1561941455633645603, '2022-08-23 13:00:38', 0, '2022-08-23 13:00:38', 0, '修改字典项', 1561941455633645596, 7, NULL, 'sys:dictItem:update', 2, b'0', '\0', NULL);
INSERT INTO `sys_menu` (`id`, `create_time`, `created_by`, `update_time`, `updated_by`, `title`, `parent_id`, `sort_value`, `icon`, `authority`, `type`, `deleted`, `open_type`, `href`) VALUES (1561941455633645604, '2022-08-23 13:00:38', 0, '2022-08-23 13:00:38', 0, '删除字典项', 1561941455633645596, 8, NULL, 'sys:dictItem:delete', 2, b'0', '\0', NULL);
INSERT INTO `sys_menu` (`id`, `create_time`, `created_by`, `update_time`, `updated_by`, `title`, `parent_id`, `sort_value`, `icon`, `authority`, `type`, `deleted`, `open_type`, `href`) VALUES (1561941455633645605, '2022-08-23 13:00:38', 0, '2022-08-23 13:00:38', 0, '系统监控', 0, 999, 'layui-icon layui-icon-auz', '', 0, b'0', '', NULL);
INSERT INTO `sys_menu` (`id`, `create_time`, `created_by`, `update_time`, `updated_by`, `title`, `parent_id`, `sort_value`, `icon`, `authority`, `type`, `deleted`, `open_type`, `href`) VALUES (1561941455633645606, '2022-08-23 13:00:38', 0, '2022-08-23 13:00:38', 0, 'druid', 1561941455633645605, 1, NULL, '', 1, b'0', '_iframe', '/druid');
INSERT INTO `sys_menu` (`id`, `create_time`, `created_by`, `update_time`, `updated_by`, `title`, `parent_id`, `sort_value`, `icon`, `authority`, `type`, `deleted`, `open_type`, `href`) VALUES (1561941455633645607, '2022-08-23 13:00:38', 0, '2022-08-23 13:00:38', 0, 'swagger', 1561941455633645605, 2, NULL, '', 1, b'0', '_iframe', '/doc.html');
INSERT INTO `sys_menu` (`id`, `create_time`, `created_by`, `update_time`, `updated_by`, `title`, `parent_id`, `sort_value`, `icon`, `authority`, `type`, `deleted`, `open_type`, `href`) VALUES (1561941455633645608, '2022-08-23 13:00:38', 0, '2022-08-23 13:00:38', 0, '案例', 0, 1000, 'layui-icon layui-icon-template', '', 0, b'0', '', NULL);
INSERT INTO `sys_menu` (`id`, `create_time`, `created_by`, `update_time`, `updated_by`, `title`, `parent_id`, `sort_value`, `icon`, `authority`, `type`, `deleted`, `open_type`, `href`) VALUES (1561941455633645609, '2022-08-23 13:00:38', 0, '2022-08-23 13:00:38', 0, '常用组件', 1561941455633645608, 1, NULL, '', 0, b'0', '', NULL);
INSERT INTO `sys_menu` (`id`, `create_time`, `created_by`, `update_time`, `updated_by`, `title`, `parent_id`, `sort_value`, `icon`, `authority`, `type`, `deleted`, `open_type`, `href`) VALUES (1561941455633645610, '2022-08-23 13:00:38', 0, '2022-08-23 13:00:38', 0, '基础组件', 1561941455633645609, 1, NULL, '', 0, b'0', '', NULL);
INSERT INTO `sys_menu` (`id`, `create_time`, `created_by`, `update_time`, `updated_by`, `title`, `parent_id`, `sort_value`, `icon`, `authority`, `type`, `deleted`, `open_type`, `href`) VALUES (1561941455633645611, '2022-08-23 13:00:38', 0, '2022-08-23 13:00:38', 0, '酸爽翻倍', 1561941455633645610, 1, NULL, '', 1, b'0', '_iframe', '/example/document/core');
INSERT INTO `sys_menu` (`id`, `create_time`, `created_by`, `update_time`, `updated_by`, `title`, `parent_id`, `sort_value`, `icon`, `authority`, `type`, `deleted`, `open_type`, `href`) VALUES (1561941455633645612, '2022-08-23 13:00:38', 0, '2022-08-23 13:00:38', 0, '功能按钮', 1561941455633645610, 2, NULL, '', 1, b'0', '_iframe', '/example/document/button');
INSERT INTO `sys_menu` (`id`, `create_time`, `created_by`, `update_time`, `updated_by`, `title`, `parent_id`, `sort_value`, `icon`, `authority`, `type`, `deleted`, `open_type`, `href`) VALUES (1561941455633645613, '2022-08-23 13:00:38', 0, '2022-08-23 13:00:38', 0, '表单集合', 1561941455633645610, 3, NULL, '', 1, b'0', '_iframe', '/example/document/form');
INSERT INTO `sys_menu` (`id`, `create_time`, `created_by`, `update_time`, `updated_by`, `title`, `parent_id`, `sort_value`, `icon`, `authority`, `type`, `deleted`, `open_type`, `href`) VALUES (1561941455633645614, '2022-08-23 13:00:38', 0, '2022-08-23 13:00:38', 0, '字体图标', 1561941455633645610, 4, NULL, '', 1, b'0', '_iframe', '/example/document/icon');
INSERT INTO `sys_menu` (`id`, `create_time`, `created_by`, `update_time`, `updated_by`, `title`, `parent_id`, `sort_value`, `icon`, `authority`, `type`, `deleted`, `open_type`, `href`) VALUES (1561941455633645615, '2022-08-23 13:00:38', 0, '2022-08-23 13:00:38', 0, '多选下拉', 1561941455633645610, 5, NULL, '', 1, b'0', '_iframe', '/example/document/select');
INSERT INTO `sys_menu` (`id`, `create_time`, `created_by`, `update_time`, `updated_by`, `title`, `parent_id`, `sort_value`, `icon`, `authority`, `type`, `deleted`, `open_type`, `href`) VALUES (1561941455633645616, '2022-08-23 13:00:38', 0, '2022-08-23 13:00:38', 0, '动态标签', 1561941455633645610, 6, NULL, '', 1, b'0', '_iframe', '/example/document/tag');
INSERT INTO `sys_menu` (`id`, `create_time`, `created_by`, `update_time`, `updated_by`, `title`, `parent_id`, `sort_value`, `icon`, `authority`, `type`, `deleted`, `open_type`, `href`) VALUES (1561941455633645617, '2022-08-23 13:00:38', 0, '2022-08-23 13:00:38', 0, '进阶组件', 1561941455633645609, 2, NULL, '', 0, b'0', '', NULL);
INSERT INTO `sys_menu` (`id`, `create_time`, `created_by`, `update_time`, `updated_by`, `title`, `parent_id`, `sort_value`, `icon`, `authority`, `type`, `deleted`, `open_type`, `href`) VALUES (1561941455633645618, '2022-08-23 13:00:38', 0, '2022-08-23 13:00:38', 0, '数据表格', 1561941455633645617, 1, NULL, '', 1, b'0', '_iframe', '/example/document/table');
INSERT INTO `sys_menu` (`id`, `create_time`, `created_by`, `update_time`, `updated_by`, `title`, `parent_id`, `sort_value`, `icon`, `authority`, `type`, `deleted`, `open_type`, `href`) VALUES (1561941455633645619, '2022-08-23 13:00:38', 0, '2022-08-23 13:00:38', 0, '分步表单', 1561941455633645617, 2, NULL, '', 1, b'0', '_iframe', '/example/document/step');
INSERT INTO `sys_menu` (`id`, `create_time`, `created_by`, `update_time`, `updated_by`, `title`, `parent_id`, `sort_value`, `icon`, `authority`, `type`, `deleted`, `open_type`, `href`) VALUES (1561941455633645620, '2022-08-23 13:00:38', 0, '2022-08-23 13:00:38', 0, '树形表格', 1561941455633645617, 3, NULL, '', 1, b'0', '_iframe', '/example/document/treetable');
INSERT INTO `sys_menu` (`id`, `create_time`, `created_by`, `update_time`, `updated_by`, `title`, `parent_id`, `sort_value`, `icon`, `authority`, `type`, `deleted`, `open_type`, `href`) VALUES (1561941455633645621, '2022-08-23 13:00:38', 0, '2022-08-23 13:00:38', 0, '树状结构', 1561941455633645617, 4, NULL, '', 1, b'0', '_iframe', '/example/document/dtree');
INSERT INTO `sys_menu` (`id`, `create_time`, `created_by`, `update_time`, `updated_by`, `title`, `parent_id`, `sort_value`, `icon`, `authority`, `type`, `deleted`, `open_type`, `href`) VALUES (1561941455633645622, '2022-08-23 13:00:38', 0, '2022-08-23 13:00:38', 0, '文本编辑', 1561941455633645617, 5, NULL, '', 1, b'0', '_iframe', '/example/document/tinymce');
INSERT INTO `sys_menu` (`id`, `create_time`, `created_by`, `update_time`, `updated_by`, `title`, `parent_id`, `sort_value`, `icon`, `authority`, `type`, `deleted`, `open_type`, `href`) VALUES (1561941455633645623, '2022-08-23 13:00:38', 0, '2022-08-23 13:00:38', 0, '卡片组件', 1561941455633645617, 6, NULL, '', 1, b'0', '_iframe', '/example/document/card');
INSERT INTO `sys_menu` (`id`, `create_time`, `created_by`, `update_time`, `updated_by`, `title`, `parent_id`, `sort_value`, `icon`, `authority`, `type`, `deleted`, `open_type`, `href`) VALUES (1561941455633645624, '2022-08-23 13:00:38', 0, '2022-08-23 13:00:38', 0, '高级组件', 1561941455633645609, 3, NULL, '', 0, b'0', '', NULL);
INSERT INTO `sys_menu` (`id`, `create_time`, `created_by`, `update_time`, `updated_by`, `title`, `parent_id`, `sort_value`, `icon`, `authority`, `type`, `deleted`, `open_type`, `href`) VALUES (1561941455633645625, '2022-08-23 13:00:38', 0, '2022-08-23 13:00:38', 0, '多选项卡', 1561941455633645624, 1, NULL, '', 1, b'0', '_iframe', '/example/document/tab');
INSERT INTO `sys_menu` (`id`, `create_time`, `created_by`, `update_time`, `updated_by`, `title`, `parent_id`, `sort_value`, `icon`, `authority`, `type`, `deleted`, `open_type`, `href`) VALUES (1561941455633645626, '2022-08-23 13:00:38', 0, '2022-08-23 13:00:38', 0, '数据菜单', 1561941455633645624, 2, NULL, '', 1, b'0', '_iframe', '/example/document/menu');
INSERT INTO `sys_menu` (`id`, `create_time`, `created_by`, `update_time`, `updated_by`, `title`, `parent_id`, `sort_value`, `icon`, `authority`, `type`, `deleted`, `open_type`, `href`) VALUES (1561941455633645627, '2022-08-23 13:00:38', 0, '2022-08-23 13:00:38', 0, '弹层组件', 1561941455633645609, 4, NULL, '', 0, b'0', '', NULL);
INSERT INTO `sys_menu` (`id`, `create_time`, `created_by`, `update_time`, `updated_by`, `title`, `parent_id`, `sort_value`, `icon`, `authority`, `type`, `deleted`, `open_type`, `href`) VALUES (1561941455633645628, '2022-08-23 13:00:38', 0, '2022-08-23 13:00:38', 0, '抽屉组件', 1561941455633645627, 1, NULL, '', 1, b'0', '_iframe', '/example/document/drawer');
INSERT INTO `sys_menu` (`id`, `create_time`, `created_by`, `update_time`, `updated_by`, `title`, `parent_id`, `sort_value`, `icon`, `authority`, `type`, `deleted`, `open_type`, `href`) VALUES (1561941455633645629, '2022-08-23 13:00:38', 0, '2022-08-23 13:00:38', 0, '消息通知 (过时)', 1561941455633645627, 2, NULL, '', 1, b'0', '_iframe', '/example/document/notice');
INSERT INTO `sys_menu` (`id`, `create_time`, `created_by`, `update_time`, `updated_by`, `title`, `parent_id`, `sort_value`, `icon`, `authority`, `type`, `deleted`, `open_type`, `href`) VALUES (1561941455633645630, '2022-08-23 13:00:38', 0, '2022-08-23 13:00:38', 0, '消息通知 (新增)', 1561941455633645627, 3, NULL, '', 1, b'0', '_iframe', '/example/document/toast');
INSERT INTO `sys_menu` (`id`, `create_time`, `created_by`, `update_time`, `updated_by`, `title`, `parent_id`, `sort_value`, `icon`, `authority`, `type`, `deleted`, `open_type`, `href`) VALUES (1561941455633645631, '2022-08-23 13:00:38', 0, '2022-08-23 13:00:38', 0, '加载组件', 1561941455633645627, 4, NULL, '', 1, b'0', '_iframe', '/example/document/loading');
INSERT INTO `sys_menu` (`id`, `create_time`, `created_by`, `update_time`, `updated_by`, `title`, `parent_id`, `sort_value`, `icon`, `authority`, `type`, `deleted`, `open_type`, `href`) VALUES (1561941455633645632, '2022-08-23 13:00:38', 0, '2022-08-23 13:00:38', 0, '弹层组件', 1561941455633645627, 5, NULL, '', 1, b'0', '_iframe', '/example/document/popup');
INSERT INTO `sys_menu` (`id`, `create_time`, `created_by`, `update_time`, `updated_by`, `title`, `parent_id`, `sort_value`, `icon`, `authority`, `type`, `deleted`, `open_type`, `href`) VALUES (1561941455633645633, '2022-08-23 13:00:38', 0, '2022-08-23 13:00:38', 0, '其他组件', 1561941455633645609, 5, NULL, '', 0, b'0', '', NULL);
INSERT INTO `sys_menu` (`id`, `create_time`, `created_by`, `update_time`, `updated_by`, `title`, `parent_id`, `sort_value`, `icon`, `authority`, `type`, `deleted`, `open_type`, `href`) VALUES (1561941455633645634, '2022-08-23 13:00:38', 0, '2022-08-23 13:00:38', 0, '哈希加密', 1561941455633645633, 1, NULL, '', 1, b'0', '_iframe', '/example/document/encrypt');
INSERT INTO `sys_menu` (`id`, `create_time`, `created_by`, `update_time`, `updated_by`, `title`, `parent_id`, `sort_value`, `icon`, `authority`, `type`, `deleted`, `open_type`, `href`) VALUES (1561941455633645635, '2022-08-23 13:00:38', 0, '2022-08-23 13:00:38', 0, '图标选择', 1561941455633645633, 2, NULL, '', 1, b'0', '_iframe', '/example/document/iconPicker');
INSERT INTO `sys_menu` (`id`, `create_time`, `created_by`, `update_time`, `updated_by`, `title`, `parent_id`, `sort_value`, `icon`, `authority`, `type`, `deleted`, `open_type`, `href`) VALUES (1561941455633645636, '2022-08-23 13:00:38', 0, '2022-08-23 13:00:38', 0, '省市级联', 1561941455633645633, 3, NULL, '', 1, b'0', '_iframe', '/example/document/area');
INSERT INTO `sys_menu` (`id`, `create_time`, `created_by`, `update_time`, `updated_by`, `title`, `parent_id`, `sort_value`, `icon`, `authority`, `type`, `deleted`, `open_type`, `href`) VALUES (1561941455633645637, '2022-08-23 13:00:38', 0, '2022-08-23 13:00:38', 0, '数字滚动', 1561941455633645633, 4, NULL, '', 1, b'0', '_iframe', '/example/document/count');
INSERT INTO `sys_menu` (`id`, `create_time`, `created_by`, `update_time`, `updated_by`, `title`, `parent_id`, `sort_value`, `icon`, `authority`, `type`, `deleted`, `open_type`, `href`) VALUES (1561941455633645638, '2022-08-23 13:00:38', 0, '2022-08-23 13:00:38', 0, '顶部返回', 1561941455633645633, 5, NULL, '', 1, b'0', '_iframe', '/example/document/topBar');
INSERT INTO `sys_menu` (`id`, `create_time`, `created_by`, `update_time`, `updated_by`, `title`, `parent_id`, `sort_value`, `icon`, `authority`, `type`, `deleted`, `open_type`, `href`) VALUES (1561941455633645639, '2022-08-23 13:00:38', 0, '2022-08-23 13:00:38', 0, '水印组件', 1561941455633645633, 6, NULL, '', 1, b'0', '_iframe', '/example/document/watermark');
INSERT INTO `sys_menu` (`id`, `create_time`, `created_by`, `update_time`, `updated_by`, `title`, `parent_id`, `sort_value`, `icon`, `authority`, `type`, `deleted`, `open_type`, `href`) VALUES (1561941455637839872, '2022-08-23 13:00:38', 0, '2022-08-23 13:00:38', 0, '全屏组件', 1561941455633645633, 7, NULL, '', 1, b'0', '_iframe', '/example/document/fullscreen');
INSERT INTO `sys_menu` (`id`, `create_time`, `created_by`, `update_time`, `updated_by`, `title`, `parent_id`, `sort_value`, `icon`, `authority`, `type`, `deleted`, `open_type`, `href`) VALUES (1561941455637839873, '2022-08-23 13:00:38', 0, '2022-08-23 13:00:38', 0, '汽泡组件', 1561941455633645633, 8, NULL, '', 1, b'0', '_iframe', '/example/document/popover');
INSERT INTO `sys_menu` (`id`, `create_time`, `created_by`, `update_time`, `updated_by`, `title`, `parent_id`, `sort_value`, `icon`, `authority`, `type`, `deleted`, `open_type`, `href`) VALUES (1561941455637839874, '2022-08-23 13:00:38', 0, '2022-08-23 13:00:38', 0, '结果页面', 1561941455633645608, 2, NULL, '', 0, b'0', '', NULL);
INSERT INTO `sys_menu` (`id`, `create_time`, `created_by`, `update_time`, `updated_by`, `title`, `parent_id`, `sort_value`, `icon`, `authority`, `type`, `deleted`, `open_type`, `href`) VALUES (1561941455637839875, '2022-08-23 13:00:38', 0, '2022-08-23 13:00:38', 0, '成功', 1561941455637839874, 1, NULL, '', 1, b'0', '_iframe', '/example/result/success');
INSERT INTO `sys_menu` (`id`, `create_time`, `created_by`, `update_time`, `updated_by`, `title`, `parent_id`, `sort_value`, `icon`, `authority`, `type`, `deleted`, `open_type`, `href`) VALUES (1561941455637839876, '2022-08-23 13:00:38', 0, '2022-08-23 13:00:38', 0, '失败', 1561941455637839874, 2, NULL, '', 1, b'0', '_iframe', '/example/result/error');
INSERT INTO `sys_menu` (`id`, `create_time`, `created_by`, `update_time`, `updated_by`, `title`, `parent_id`, `sort_value`, `icon`, `authority`, `type`, `deleted`, `open_type`, `href`) VALUES (1561941455637839877, '2022-08-23 13:00:38', 0, '2022-08-23 13:00:38', 0, '数据图表', 1561941455633645608, 3, NULL, '', 0, b'0', '', NULL);
INSERT INTO `sys_menu` (`id`, `create_time`, `created_by`, `update_time`, `updated_by`, `title`, `parent_id`, `sort_value`, `icon`, `authority`, `type`, `deleted`, `open_type`, `href`) VALUES (1561941455637839878, '2022-08-23 13:00:38', 0, '2022-08-23 13:00:38', 0, '折线图', 1561941455637839877, 1, NULL, '', 1, b'0', '_iframe', '/example/echarts/line');
INSERT INTO `sys_menu` (`id`, `create_time`, `created_by`, `update_time`, `updated_by`, `title`, `parent_id`, `sort_value`, `icon`, `authority`, `type`, `deleted`, `open_type`, `href`) VALUES (1561941455637839879, '2022-08-23 13:00:38', 0, '2022-08-23 13:00:38', 0, '柱状图', 1561941455637839877, 2, NULL, '', 1, b'0', '_iframe', '/example/echarts/column');


-- 初始化角色
INSERT INTO `sys_role` (`id`, `create_time`, `created_by`, `update_time`, `updated_by`, `name`, `code`, `describe_`, `readonly_`, `deleted`) VALUES (1561941473996308480, '2022-08-23 13:00:42', 0, '2022-08-23 13:00:42', 0, '超级管理员', 'SUPER_ADMIN', '超级管理员，拥有至高无上的权利', b'1', b'0');
INSERT INTO `sys_role` (`id`, `create_time`, `created_by`, `update_time`, `updated_by`, `name`, `code`, `describe_`, `readonly_`, `deleted`) VALUES (1561941473996308481, '2022-08-23 13:00:42', 0, '2022-08-23 13:00:42', 0, '管理员', 'ADMIN', '管理员，拥有99%的权利', b'0', b'0');
INSERT INTO `sys_role` (`id`, `create_time`, `created_by`, `update_time`, `updated_by`, `name`, `code`, `describe_`, `readonly_`, `deleted`) VALUES (1561941473996308482, '2022-08-23 13:00:42', 0, '2022-08-23 13:00:42', 0, '普通用户', 'USER', '普通用户，拥有管理员赋予的权利', b'0', b'0');


-- 初始化角色_菜单
INSERT INTO `sys_role_menu` (`id`, `create_time`, `created_by`, `role_id`, `menu_id`) VALUES (1561941476370284544, '2022-08-23 13:00:42', 0, 1561941473996308480, 1561941455633645568);
INSERT INTO `sys_role_menu` (`id`, `create_time`, `created_by`, `role_id`, `menu_id`) VALUES (1561941476378673152, '2022-08-23 13:00:42', 0, 1561941473996308480, 1561941455633645569);
INSERT INTO `sys_role_menu` (`id`, `create_time`, `created_by`, `role_id`, `menu_id`) VALUES (1561941476378673153, '2022-08-23 13:00:42', 0, 1561941473996308480, 1561941455633645570);
INSERT INTO `sys_role_menu` (`id`, `create_time`, `created_by`, `role_id`, `menu_id`) VALUES (1561941476378673154, '2022-08-23 13:00:42', 0, 1561941473996308480, 1561941455633645571);
INSERT INTO `sys_role_menu` (`id`, `create_time`, `created_by`, `role_id`, `menu_id`) VALUES (1561941476382867456, '2022-08-23 13:00:42', 0, 1561941473996308480, 1561941455633645572);
INSERT INTO `sys_role_menu` (`id`, `create_time`, `created_by`, `role_id`, `menu_id`) VALUES (1561941476382867457, '2022-08-23 13:00:42', 0, 1561941473996308480, 1561941455633645573);
INSERT INTO `sys_role_menu` (`id`, `create_time`, `created_by`, `role_id`, `menu_id`) VALUES (1561941476387061760, '2022-08-23 13:00:42', 0, 1561941473996308480, 1561941455633645574);
INSERT INTO `sys_role_menu` (`id`, `create_time`, `created_by`, `role_id`, `menu_id`) VALUES (1561941476387061761, '2022-08-23 13:00:42', 0, 1561941473996308480, 1561941455633645575);
INSERT INTO `sys_role_menu` (`id`, `create_time`, `created_by`, `role_id`, `menu_id`) VALUES (1561941476387061762, '2022-08-23 13:00:42', 0, 1561941473996308480, 1561941455633645576);
INSERT INTO `sys_role_menu` (`id`, `create_time`, `created_by`, `role_id`, `menu_id`) VALUES (1561941476387061763, '2022-08-23 13:00:42', 0, 1561941473996308480, 1561941455633645577);
INSERT INTO `sys_role_menu` (`id`, `create_time`, `created_by`, `role_id`, `menu_id`) VALUES (1561941476391256064, '2022-08-23 13:00:42', 0, 1561941473996308480, 1561941455633645578);
INSERT INTO `sys_role_menu` (`id`, `create_time`, `created_by`, `role_id`, `menu_id`) VALUES (1561941476391256065, '2022-08-23 13:00:42', 0, 1561941473996308480, 1561941455633645579);
INSERT INTO `sys_role_menu` (`id`, `create_time`, `created_by`, `role_id`, `menu_id`) VALUES (1561941476391256066, '2022-08-23 13:00:42', 0, 1561941473996308480, 1561941455633645580);
INSERT INTO `sys_role_menu` (`id`, `create_time`, `created_by`, `role_id`, `menu_id`) VALUES (1561941476391256067, '2022-08-23 13:00:42', 0, 1561941473996308480, 1561941455633645581);
INSERT INTO `sys_role_menu` (`id`, `create_time`, `created_by`, `role_id`, `menu_id`) VALUES (1561941476395450368, '2022-08-23 13:00:42', 0, 1561941473996308480, 1561941455633645582);
INSERT INTO `sys_role_menu` (`id`, `create_time`, `created_by`, `role_id`, `menu_id`) VALUES (1561941476395450369, '2022-08-23 13:00:42', 0, 1561941473996308480, 1561941455633645583);
INSERT INTO `sys_role_menu` (`id`, `create_time`, `created_by`, `role_id`, `menu_id`) VALUES (1561941476395450370, '2022-08-23 13:00:42', 0, 1561941473996308480, 1561941455633645584);
INSERT INTO `sys_role_menu` (`id`, `create_time`, `created_by`, `role_id`, `menu_id`) VALUES (1561941476399644672, '2022-08-23 13:00:42', 0, 1561941473996308480, 1561941455633645585);
INSERT INTO `sys_role_menu` (`id`, `create_time`, `created_by`, `role_id`, `menu_id`) VALUES (1561941476399644673, '2022-08-23 13:00:42', 0, 1561941473996308480, 1561941455633645586);
INSERT INTO `sys_role_menu` (`id`, `create_time`, `created_by`, `role_id`, `menu_id`) VALUES (1561941476399644674, '2022-08-23 13:00:42', 0, 1561941473996308480, 1561941455633645587);
INSERT INTO `sys_role_menu` (`id`, `create_time`, `created_by`, `role_id`, `menu_id`) VALUES (1561941476399644675, '2022-08-23 13:00:42', 0, 1561941473996308480, 1561941455633645588);
INSERT INTO `sys_role_menu` (`id`, `create_time`, `created_by`, `role_id`, `menu_id`) VALUES (1561941476403838976, '2022-08-23 13:00:42', 0, 1561941473996308480, 1561941455633645589);
INSERT INTO `sys_role_menu` (`id`, `create_time`, `created_by`, `role_id`, `menu_id`) VALUES (1561941476403838977, '2022-08-23 13:00:42', 0, 1561941473996308480, 1561941455633645590);
INSERT INTO `sys_role_menu` (`id`, `create_time`, `created_by`, `role_id`, `menu_id`) VALUES (1561941476403838978, '2022-08-23 13:00:42', 0, 1561941473996308480, 1561941455633645591);
INSERT INTO `sys_role_menu` (`id`, `create_time`, `created_by`, `role_id`, `menu_id`) VALUES (1561941476403838979, '2022-08-23 13:00:42', 0, 1561941473996308480, 1561941455633645592);
INSERT INTO `sys_role_menu` (`id`, `create_time`, `created_by`, `role_id`, `menu_id`) VALUES (1561941476403838980, '2022-08-23 13:00:42', 0, 1561941473996308480, 1561941455633645593);
INSERT INTO `sys_role_menu` (`id`, `create_time`, `created_by`, `role_id`, `menu_id`) VALUES (1561941476408033280, '2022-08-23 13:00:42', 0, 1561941473996308480, 1561941455633645594);
INSERT INTO `sys_role_menu` (`id`, `create_time`, `created_by`, `role_id`, `menu_id`) VALUES (1561941476408033281, '2022-08-23 13:00:42', 0, 1561941473996308480, 1561941455633645595);
INSERT INTO `sys_role_menu` (`id`, `create_time`, `created_by`, `role_id`, `menu_id`) VALUES (1561941476408033282, '2022-08-23 13:00:42', 0, 1561941473996308480, 1561941455633645596);
INSERT INTO `sys_role_menu` (`id`, `create_time`, `created_by`, `role_id`, `menu_id`) VALUES (1561941476408033283, '2022-08-23 13:00:42', 0, 1561941473996308480, 1561941455633645597);
INSERT INTO `sys_role_menu` (`id`, `create_time`, `created_by`, `role_id`, `menu_id`) VALUES (1561941476412227584, '2022-08-23 13:00:42', 0, 1561941473996308480, 1561941455633645598);
INSERT INTO `sys_role_menu` (`id`, `create_time`, `created_by`, `role_id`, `menu_id`) VALUES (1561941476412227585, '2022-08-23 13:00:42', 0, 1561941473996308480, 1561941455633645599);
INSERT INTO `sys_role_menu` (`id`, `create_time`, `created_by`, `role_id`, `menu_id`) VALUES (1561941476412227586, '2022-08-23 13:00:42', 0, 1561941473996308480, 1561941455633645600);
INSERT INTO `sys_role_menu` (`id`, `create_time`, `created_by`, `role_id`, `menu_id`) VALUES (1561941476412227587, '2022-08-23 13:00:42', 0, 1561941473996308480, 1561941455633645601);
INSERT INTO `sys_role_menu` (`id`, `create_time`, `created_by`, `role_id`, `menu_id`) VALUES (1561941476416421888, '2022-08-23 13:00:42', 0, 1561941473996308480, 1561941455633645602);
INSERT INTO `sys_role_menu` (`id`, `create_time`, `created_by`, `role_id`, `menu_id`) VALUES (1561941476416421889, '2022-08-23 13:00:42', 0, 1561941473996308480, 1561941455633645603);
INSERT INTO `sys_role_menu` (`id`, `create_time`, `created_by`, `role_id`, `menu_id`) VALUES (1561941476416421890, '2022-08-23 13:00:42', 0, 1561941473996308480, 1561941455633645604);
INSERT INTO `sys_role_menu` (`id`, `create_time`, `created_by`, `role_id`, `menu_id`) VALUES (1561941476416421891, '2022-08-23 13:00:42', 0, 1561941473996308480, 1561941455633645605);
INSERT INTO `sys_role_menu` (`id`, `create_time`, `created_by`, `role_id`, `menu_id`) VALUES (1561941476416421892, '2022-08-23 13:00:42', 0, 1561941473996308480, 1561941455633645606);
INSERT INTO `sys_role_menu` (`id`, `create_time`, `created_by`, `role_id`, `menu_id`) VALUES (1561941476420616192, '2022-08-23 13:00:42', 0, 1561941473996308480, 1561941455633645607);
INSERT INTO `sys_role_menu` (`id`, `create_time`, `created_by`, `role_id`, `menu_id`) VALUES (1561941476420616193, '2022-08-23 13:00:42', 0, 1561941473996308480, 1561941455633645608);
INSERT INTO `sys_role_menu` (`id`, `create_time`, `created_by`, `role_id`, `menu_id`) VALUES (1561941476420616194, '2022-08-23 13:00:42', 0, 1561941473996308480, 1561941455633645609);
INSERT INTO `sys_role_menu` (`id`, `create_time`, `created_by`, `role_id`, `menu_id`) VALUES (1561941476420616195, '2022-08-23 13:00:42', 0, 1561941473996308480, 1561941455633645610);
INSERT INTO `sys_role_menu` (`id`, `create_time`, `created_by`, `role_id`, `menu_id`) VALUES (1561941476424810496, '2022-08-23 13:00:42', 0, 1561941473996308480, 1561941455633645611);
INSERT INTO `sys_role_menu` (`id`, `create_time`, `created_by`, `role_id`, `menu_id`) VALUES (1561941476424810497, '2022-08-23 13:00:42', 0, 1561941473996308480, 1561941455633645612);
INSERT INTO `sys_role_menu` (`id`, `create_time`, `created_by`, `role_id`, `menu_id`) VALUES (1561941476424810498, '2022-08-23 13:00:42', 0, 1561941473996308480, 1561941455633645613);
INSERT INTO `sys_role_menu` (`id`, `create_time`, `created_by`, `role_id`, `menu_id`) VALUES (1561941476424810499, '2022-08-23 13:00:42', 0, 1561941473996308480, 1561941455633645614);
INSERT INTO `sys_role_menu` (`id`, `create_time`, `created_by`, `role_id`, `menu_id`) VALUES (1561941476429004800, '2022-08-23 13:00:42', 0, 1561941473996308480, 1561941455633645615);
INSERT INTO `sys_role_menu` (`id`, `create_time`, `created_by`, `role_id`, `menu_id`) VALUES (1561941476429004801, '2022-08-23 13:00:42', 0, 1561941473996308480, 1561941455633645616);
INSERT INTO `sys_role_menu` (`id`, `create_time`, `created_by`, `role_id`, `menu_id`) VALUES (1561941476429004802, '2022-08-23 13:00:42', 0, 1561941473996308480, 1561941455633645617);
INSERT INTO `sys_role_menu` (`id`, `create_time`, `created_by`, `role_id`, `menu_id`) VALUES (1561941476429004803, '2022-08-23 13:00:42', 0, 1561941473996308480, 1561941455633645618);
INSERT INTO `sys_role_menu` (`id`, `create_time`, `created_by`, `role_id`, `menu_id`) VALUES (1561941476433199104, '2022-08-23 13:00:42', 0, 1561941473996308480, 1561941455633645619);
INSERT INTO `sys_role_menu` (`id`, `create_time`, `created_by`, `role_id`, `menu_id`) VALUES (1561941476433199105, '2022-08-23 13:00:42', 0, 1561941473996308480, 1561941455633645620);
INSERT INTO `sys_role_menu` (`id`, `create_time`, `created_by`, `role_id`, `menu_id`) VALUES (1561941476433199106, '2022-08-23 13:00:42', 0, 1561941473996308480, 1561941455633645621);
INSERT INTO `sys_role_menu` (`id`, `create_time`, `created_by`, `role_id`, `menu_id`) VALUES (1561941476433199107, '2022-08-23 13:00:42', 0, 1561941473996308480, 1561941455633645622);
INSERT INTO `sys_role_menu` (`id`, `create_time`, `created_by`, `role_id`, `menu_id`) VALUES (1561941476433199108, '2022-08-23 13:00:42', 0, 1561941473996308480, 1561941455633645623);
INSERT INTO `sys_role_menu` (`id`, `create_time`, `created_by`, `role_id`, `menu_id`) VALUES (1561941476437393408, '2022-08-23 13:00:42', 0, 1561941473996308480, 1561941455633645624);
INSERT INTO `sys_role_menu` (`id`, `create_time`, `created_by`, `role_id`, `menu_id`) VALUES (1561941476437393409, '2022-08-23 13:00:42', 0, 1561941473996308480, 1561941455633645625);
INSERT INTO `sys_role_menu` (`id`, `create_time`, `created_by`, `role_id`, `menu_id`) VALUES (1561941476437393410, '2022-08-23 13:00:42', 0, 1561941473996308480, 1561941455633645626);
INSERT INTO `sys_role_menu` (`id`, `create_time`, `created_by`, `role_id`, `menu_id`) VALUES (1561941476437393411, '2022-08-23 13:00:42', 0, 1561941473996308480, 1561941455633645627);
INSERT INTO `sys_role_menu` (`id`, `create_time`, `created_by`, `role_id`, `menu_id`) VALUES (1561941476441587712, '2022-08-23 13:00:42', 0, 1561941473996308480, 1561941455633645628);
INSERT INTO `sys_role_menu` (`id`, `create_time`, `created_by`, `role_id`, `menu_id`) VALUES (1561941476441587713, '2022-08-23 13:00:42', 0, 1561941473996308480, 1561941455633645629);
INSERT INTO `sys_role_menu` (`id`, `create_time`, `created_by`, `role_id`, `menu_id`) VALUES (1561941476441587714, '2022-08-23 13:00:42', 0, 1561941473996308480, 1561941455633645630);
INSERT INTO `sys_role_menu` (`id`, `create_time`, `created_by`, `role_id`, `menu_id`) VALUES (1561941476445782016, '2022-08-23 13:00:42', 0, 1561941473996308480, 1561941455633645631);
INSERT INTO `sys_role_menu` (`id`, `create_time`, `created_by`, `role_id`, `menu_id`) VALUES (1561941476445782017, '2022-08-23 13:00:42', 0, 1561941473996308480, 1561941455633645632);
INSERT INTO `sys_role_menu` (`id`, `create_time`, `created_by`, `role_id`, `menu_id`) VALUES (1561941476445782018, '2022-08-23 13:00:42', 0, 1561941473996308480, 1561941455633645633);
INSERT INTO `sys_role_menu` (`id`, `create_time`, `created_by`, `role_id`, `menu_id`) VALUES (1561941476445782019, '2022-08-23 13:00:42', 0, 1561941473996308480, 1561941455633645634);
INSERT INTO `sys_role_menu` (`id`, `create_time`, `created_by`, `role_id`, `menu_id`) VALUES (1561941476449976320, '2022-08-23 13:00:42', 0, 1561941473996308480, 1561941455633645635);
INSERT INTO `sys_role_menu` (`id`, `create_time`, `created_by`, `role_id`, `menu_id`) VALUES (1561941476449976321, '2022-08-23 13:00:42', 0, 1561941473996308480, 1561941455633645636);
INSERT INTO `sys_role_menu` (`id`, `create_time`, `created_by`, `role_id`, `menu_id`) VALUES (1561941476449976322, '2022-08-23 13:00:42', 0, 1561941473996308480, 1561941455633645637);
INSERT INTO `sys_role_menu` (`id`, `create_time`, `created_by`, `role_id`, `menu_id`) VALUES (1561941476449976323, '2022-08-23 13:00:42', 0, 1561941473996308480, 1561941455633645638);
INSERT INTO `sys_role_menu` (`id`, `create_time`, `created_by`, `role_id`, `menu_id`) VALUES (1561941476454170624, '2022-08-23 13:00:42', 0, 1561941473996308480, 1561941455633645639);
INSERT INTO `sys_role_menu` (`id`, `create_time`, `created_by`, `role_id`, `menu_id`) VALUES (1561941476454170625, '2022-08-23 13:00:42', 0, 1561941473996308480, 1561941455637839872);
INSERT INTO `sys_role_menu` (`id`, `create_time`, `created_by`, `role_id`, `menu_id`) VALUES (1561941476454170626, '2022-08-23 13:00:42', 0, 1561941473996308480, 1561941455637839873);
INSERT INTO `sys_role_menu` (`id`, `create_time`, `created_by`, `role_id`, `menu_id`) VALUES (1561941476454170627, '2022-08-23 13:00:42', 0, 1561941473996308480, 1561941455637839874);
INSERT INTO `sys_role_menu` (`id`, `create_time`, `created_by`, `role_id`, `menu_id`) VALUES (1561941476458364928, '2022-08-23 13:00:42', 0, 1561941473996308480, 1561941455637839875);
INSERT INTO `sys_role_menu` (`id`, `create_time`, `created_by`, `role_id`, `menu_id`) VALUES (1561941476458364929, '2022-08-23 13:00:42', 0, 1561941473996308480, 1561941455637839876);
INSERT INTO `sys_role_menu` (`id`, `create_time`, `created_by`, `role_id`, `menu_id`) VALUES (1561941476458364930, '2022-08-23 13:00:42', 0, 1561941473996308480, 1561941455637839877);
INSERT INTO `sys_role_menu` (`id`, `create_time`, `created_by`, `role_id`, `menu_id`) VALUES (1561941476458364931, '2022-08-23 13:00:42', 0, 1561941473996308480, 1561941455637839878);
INSERT INTO `sys_role_menu` (`id`, `create_time`, `created_by`, `role_id`, `menu_id`) VALUES (1561941476462559232, '2022-08-23 13:00:42', 0, 1561941473996308480, 1561941455637839879);


-- 初始化用户  账号：zetaAdmin  密码：admin
INSERT INTO `sys_user` (`id`, `create_time`, `created_by`, `update_time`, `updated_by`, `username`, `account`, `password`, `email`, `mobile`, `sex`, `avatar`, `birthday`, `readonly_`, `state`, `deleted`) VALUES (1561941488001089536, '2022-08-23 13:00:45', 0, '2022-08-23 13:00:45', 0, 'zeta管理员', 'zetaAdmin', '$2a$10$P1CLMEo4HZjgC1/rCY3z8.im9hPe3vnBKkk4xt0xHiEvqVY.j0E2S', NULL, NULL, 1, NULL, NULL, b'1', 0, b'0');


-- 初始化用户_角色
INSERT INTO `sys_user_role` (`id`, `create_time`, `created_by`, `user_id`, `role_id`) VALUES (1561941489578147840, '2022-08-23 13:00:45', 0, 1561941488001089536, 1561941473996308480);


-- 初始化字典
INSERT INTO `sys_dict` (`id`, `create_time`, `created_by`, `update_time`, `updated_by`, `name`, `code`, `describe_`, `sort_value`, `deleted`) VALUES (1561941490010161152, '2022-08-23 13:00:45', 0, '2022-08-23 13:00:45', 0, '设备状态', 'device_status', '设备运行状态', 0, b'0');


-- 初始化字典项
INSERT INTO `sys_dict_item` (`id`, `create_time`, `created_by`, `update_time`, `updated_by`, `dict_id`, `name`, `value`, `describe_`, `sort_value`, `deleted`) VALUES (1561941490869993472, '2022-08-23 13:00:46', 0, '2022-08-23 13:00:46', 0, 1561941490010161152, '运行', 'RUNNING', '设备正在运行', 1, b'0');
INSERT INTO `sys_dict_item` (`id`, `create_time`, `created_by`, `update_time`, `updated_by`, `dict_id`, `name`, `value`, `describe_`, `sort_value`, `deleted`) VALUES (1561941490869993473, '2022-08-23 13:00:46', 0, '2022-08-23 13:00:46', 0, 1561941490010161152, '停止', 'WAITING', '设备已停止', 2, b'0');
